<?xml version="1.0" encoding="UTF-8"?>
<beans xmlns="http://www.springframework.org/schema/beans"
    xmlns:xsi="http://www.w3.org/2001/XMLSchema-instance"
    xsi:schemaLocation="
        http://www.springframework.org/schema/beans http://www.springframework.org/schema/beans/spring-beans.xsd">

   	<bean class="org.springframework.jdbc.datasource.DriverManagerDataSource" id="dmDataSource">
   		<property name="driverClassName" value="com.mysql.cj.jdbc.Driver" />
   		<property name="url" value="jdbc:mysql://localhost:3306/spring_jdbc" />
   		<property name="username" value="root" />
   		<property name="password" value="root" />
   	</bean>
   	
   	<bean class="org.springframework.jdbc.core.JdbcTemplate" id="jdbcTemplateBean">
   		<property name="dataSource" ref="dmDataSource" />
   	</bean>

</beans>