<?xml version="1.0" encoding="UTF-8"?>
<beans xmlns="http://www.springframework.org/schema/beans"
    xmlns:xsi="http://www.w3.org/2001/XMLSchema-instance"
    xsi:schemaLocation="
        http://www.springframework.org/schema/beans http://www.springframework.org/schema/beans/spring-beans.xsd">

	<bean class="in.sp.beans.Employee" id="empObj">
    	<property name="name" value="Amit" />
    	<property name="phoneno" value="9888755565" />
    </bean>
    
    <bean class="in.sp.beans.Student" id="stdObj">
    	<property name="name" value="Deepak" />
    </bean>
    
    <bean class="in.sp.processor.PostProcessor" />

</beans>