<?xml version="1.0" encoding="UTF-8"?>

<beans:beans xmlns="http://www.springframework.org/schema/security"
  xmlns:beans="http://www.springframework.org/schema/beans"
  xmlns:xsi="http://www.w3.org/2001/XMLSchema-instance"
  xsi:schemaLocation="http://www.springframework.org/schema/beans
           http://www.springframework.org/schema/beans/spring-beans.xsd
           http://www.springframework.org/schema/security
           http://www.springframework.org/schema/security/spring-security.xsd">
    
    <http auto-config="true">
    	<http-basic/>
    	<intercept-url pattern="/adminPanel" access="hasRole('ROLE_ADMIN')" />
    </http>
    
    <authentication-manager>
    	<authentication-provider>
    		<password-encoder hash="bcrypt" />
    		<user-service>
    			<user name="admin" password="$2a$12$iePHJJ8K6jXFlKtOz/asiub0scSE5RDPm3ePMkPAob6wOkJymL3tO" authorities="ROLE_ADMIN"/>
    		</user-service>
    	</authentication-provider>
    </authentication-manager>
    
</beans:beans>