<?xml version="1.0" encoding="UTF-8"?>
<beans xmlns="http://www.springframework.org/schema/beans"
    xmlns:xsi="http://www.w3.org/2001/XMLSchema-instance"
    xmlns:aop="http://www.springframework.org/schema/aop"
    xsi:schemaLocation="http://www.springframework.org/schema/beans
    					http://www.springframework.org/schema/beans/spring-beans.xsd
        				http://www.springframework.org/schema/aop
        				http://www.springframework.org/schema/aop/spring-aop.xsd">
    
    <!-- Bean Defination -->    				
    <bean class="in.sp.services.BankTransactions" id="bankTransId" />
    <bean class="in.sp.services.PaytmTransactions" id="paytmTransId" />
    
    <!-- Aspect Bean Defination -->
    <bean class="in.sp.aspects.LoggingAspect" id="logAspectId" />
    <bean class="in.sp.aspects.SecurityAspect" id="secAspectId" />
    
    <!-- AOP Configurations -->
    <aop:config>
    	<aop:aspect ref="logAspectId">
    		<aop:pointcut expression="execution(* in.sp.services.BankTransactions.*(..))" id="btPointcuts1"/>
    		<aop:before method="myLogging" pointcut-ref="btPointcuts1"/>
    		<aop:after method="myLogging" pointcut-ref="btPointcuts1" />
    	</aop:aspect>
    	
    	<aop:aspect ref="logAspectId">
    		<aop:pointcut expression="execution(* in.sp.services.PaytmTransactions.*(..))" id="ptPointcuts1"/>
    		<aop:before method="myLogging" pointcut-ref="ptPointcuts1"/>
    	</aop:aspect>
    	
    	<aop:aspect ref="secAspectId">
    		<aop:pointcut expression="execution(* in.sp.services.BankTransactions.*(..))" id="btPointcuts2"/>
    		<aop:before method="mySecurity" pointcut-ref="btPointcuts2"/>
    		
    		<aop:pointcut expression="execution(* in.sp.services.PaytmTransactions.*(..))" id="ptPointcuts2"/>
    		<aop:before method="mySecurity" pointcut-ref="ptPointcuts2"/>
    	</aop:aspect>
    </aop:config>

</beans>