<?xml version="1.0" encoding="UTF-8"?>
<beans xmlns="http://www.springframework.org/schema/beans"
    xmlns:xsi="http://www.w3.org/2001/XMLSchema-instance"
    xsi:schemaLocation="
        http://www.springframework.org/schema/beans http://www.springframework.org/schema/beans/spring-beans.xsd">

    <bean class="in.sp.beans.Address" id="addrId">
    	<property name="houseno" value="123" />
    	<property name="city" value="Pune" />
    	<property name="pincode" value="53142" />
    </bean>
    
    <bean class="in.sp.beans.Student" id="stdId">
    	<constructor-arg value="Amit" />
    	<constructor-arg value="333" />
    	<constructor-arg ref="addrId" />
    </bean>

</beans>