<?xml version="1.0" encoding="UTF-8"?>
<beans xmlns="http://www.springframework.org/schema/beans"
    xmlns:xsi="http://www.w3.org/2001/XMLSchema-instance"
    xmlns:aop="http://www.springframework.org/schema/aop"
    xsi:schemaLocation="http://www.springframework.org/schema/beans
    					http://www.springframework.org/schema/beans/spring-beans.xsd
        				http://www.springframework.org/schema/aop
        				http://www.springframework.org/schema/aop/spring-aop.xsd">
    
    <!-- Bean Defination -->    				
    <bean class="in.sp.services.BankTransactions" id="bankTransId" />
    
    <!-- Aspect Bean Defination -->
    <bean class="in.sp.aspects.LoggingAspect" id="logAspectId" />
    
    <!-- AOP Configurations -->
    <aop:config>
    	<aop:aspect ref="logAspectId">
    		<aop:pointcut expression="execution(* in.sp.services.BankTransactions.transactionUsingUpi())" id="btPointcuts"/>
    		<aop:before method="myLogging" pointcut-ref="btPointcuts"/>
    		<aop:after method="myLogging" pointcut-ref="btPointcuts" />
    	</aop:aspect>
    </aop:config>

</beans>