<?xml version="1.0" encoding="UTF-8"?>
<beans xmlns="http://www.springframework.org/schema/beans"
    xmlns:xsi="http://www.w3.org/2001/XMLSchema-instance"
    xsi:schemaLocation="
        http://www.springframework.org/schema/beans http://www.springframework.org/schema/beans/spring-beans.xsd">

	<!--
    <bean class="in.sp.beans.Student" id="stdId">
    	<constructor-arg value="Deepak" />
    	<constructor-arg value="111" />
    	<constructor-arg value="94.8" />
    </bean>
    -->
    
    <!--
    <bean class="in.sp.beans.Student" id="stdId">
    	<constructor-arg value="111" />
    	<constructor-arg value="Deepak" index="0" />
    	<constructor-arg value="94.8" />
    </bean>
    -->
    
    <bean class="in.sp.beans.Student" id="stdId">
    	<constructor-arg value="111" index="1" />
    	<constructor-arg value="Deepak" />
    	<constructor-arg value="94.8" />
    </bean>
    
</beans>