<?xml version="1.0" encoding="UTF-8"?>
<beans xmlns="http://www.springframework.org/schema/beans"
    xmlns:xsi="http://www.w3.org/2001/XMLSchema-instance"
    xsi:schemaLocation="
        http://www.springframework.org/schema/beans http://www.springframework.org/schema/beans/spring-beans.xsd">

	<bean class="org.springframework.context.support.ResourceBundleMessageSource" id="rsmSrcId">
		<property name="basename" value="in/sp/resources/MessageBundle" />
	</bean>

    <bean class="in.sp.beans.Student" id="stdId">
    	<property name="name" value="Amit" />
    	<property name="country" value="India" />
    	<property name="msgsource" ref="rsmSrcId" />
    </bean>

</beans>