<?xml version="1.0" encoding="UTF-8"?>
<beans xmlns="http://www.springframework.org/schema/beans"
    xmlns:xsi="http://www.w3.org/2001/XMLSchema-instance"
    xsi:schemaLocation="http://www.springframework.org/schema/beans
    					http://www.springframework.org/schema/beans/spring-beans.xsd">

    <bean class="in.sp.beans.Address" id="addrId">
    	<property name="houseno" value="123" />
    	<property name="city" value="Delhi" />
    	<property name="pincode" value="12345" />
    </bean>
    
    <bean class="in.sp.beans.Student" id="stdId" autowire="byType">
    	<property name="name" value="Deepak" />
    	<property name="rollno" value="111" />
    </bean>

</beans>