<?xml version="1.0" encoding="UTF-8"?>
<beans xmlns="http://www.springframework.org/schema/beans"
    xmlns:xsi="http://www.w3.org/2001/XMLSchema-instance"
    xsi:schemaLocation="http://www.springframework.org/schema/beans
    					http://www.springframework.org/schema/beans/spring-beans.xsd">

    <beans profile="development">
    	<bean class="in.sp.beans.Student" id="stdId">
	    	<property name="name" value="Deepak" />
	    </bean>
    </beans>

	<beans profile="testing">
		<bean class="in.sp.beans.Student" id="stdId">
	    	<property name="name" value="Test Name" />
	    </bean>
	</beans>
	
	<beans profile="production">
		<bean class="in.sp.beans.Student" id="stdId">
	    	<property name="name" value="Production Name" />
	    </bean>
	</beans>

</beans>