<?xml version="1.0" encoding="UTF-8"?>
<beans xmlns="http://www.springframework.org/schema/beans"
    xmlns:xsi="http://www.w3.org/2001/XMLSchema-instance"
    xsi:schemaLocation="http://www.springframework.org/schema/beans
    					http://www.springframework.org/schema/beans/spring-beans.xsd">

	<bean id="template" abstract="true">
		<property name="name" value="Deepak" />
    	<property name="aadharno" value="1234567890" />
    	<property name="phoneno" value="9999999999" />
	</bean>

    <bean class="in.sp.beans.Student" id="stdId" parent="template">
    	<property name="rollno" value="111" />
    </bean>
    
    <bean class="in.sp.beans.Employee" id="empId" parent="template">
    	<property name="empid" value="deepak123" />
    </bean>

</beans>