<?xml version="1.0" encoding="UTF-8"?>
<!DOCTYPE beans PUBLIC "-//SPRING//DTD BEAN 2.0//EN"
        "http://www.springframework.org/dtd/spring-beans-2.0.dtd">

<beans>

	<!-- target -->
	<bean class="in.sp.services.BankTransactions" id="bankTransId" />
	
	<bean class="in.sp.aspects.LoggingAspect" id="logAspectId" />
	
	<bean class="org.springframework.aop.framework.ProxyFactoryBean" id="proxyId">
		<property name="target" ref="bankTransId" />
		<property name="interceptorNames">
			<list>
				<value>logAspectId</value>
			</list>
		</property>
	</bean>

</beans>