<?xml version="1.0" encoding="UTF-8"?>
<beans xmlns="http://www.springframework.org/schema/beans"
    xmlns:xsi="http://www.w3.org/2001/XMLSchema-instance"
    xmlns:context="http://www.springframework.org/schema/context"
    xsi:schemaLocation="http://www.springframework.org/schema/beans
    					http://www.springframework.org/schema/beans/spring-beans.xsd
        				http://www.springframework.org/schema/context
        				http://www.springframework.org/schema/context/spring-context.xsd">
    
    <context:component-scan base-package="in.sp.controllers" />
    
    <bean name="messageSource" class="org.springframework.context.support.ResourceBundleMessageSource">
    	<property name="basename" value="/in/sp/resources/message" />
    </bean>
    
    <bean name="localeResolver" class="org.springframework.web.servlet.i18n.SessionLocaleResolver">
    	<property name="defaultLocale" value="en" />
    </bean>
    
    <bean name="localeChangeInterceptor" class="org.springframework.web.servlet.i18n.LocaleChangeInterceptor">
    	<property name="paramName" value="language" />
    </bean>
    
    <bean name="handlerMapping" class="org.springframework.web.servlet.mvc.method.annotation.RequestMappingHandlerMapping">
    	<property name="interceptors">
    		<list>
    			<ref bean="localeChangeInterceptor" />
    		</list>
    	</property>
    </bean>
    
    <bean class="org.springframework.web.servlet.view.InternalResourceViewResolver">
    	<property name="prefix" value="/WEB-INF/views/" />
    	<property name="suffix" value=".jsp" />
    </bean>

</beans>