<?xml version="1.0" encoding="UTF-8"?>
<beans xmlns="http://www.springframework.org/schema/beans"
    xmlns:xsi="http://www.w3.org/2001/XMLSchema-instance"
    xsi:schemaLocation="http://www.springframework.org/schema/beans
    					http://www.springframework.org/schema/beans/spring-beans.xsd"
    default-init-method="xyz"
    default-autowire="byType">

    <bean class="in.sp.beans.Student" id="stdId1">
    	<property name="name" value="Deepak" />
    </bean>
    
    <bean class="in.sp.beans.Student" id="stdId2">
    	<property name="name" value="Deepak" />
    </bean>
    
    <bean class="in.sp.beans.Student" id="stdId2">
    	<property name="name" value="Deepak" />
    </bean>

</beans>