<?xml version="1.0" encoding="UTF-8"?>
<beans xmlns="http://www.springframework.org/schema/beans"
        xmlns:xsi="http://www.w3.org/2001/XMLSchema-instance"
        xmlns:aop="http://www.springframework.org/schema/aop"
        xmlns:tx="http://www.springframework.org/schema/tx"
        xsi:schemaLocation="http://www.springframework.org/schema/beans
        					http://www.springframework.org/schema/beans/spring-beans.xsd
        					http://www.springframework.org/schema/tx
        					http://www.springframework.org/schema/tx/spring-tx.xsd
        					http://www.springframework.org/schema/aop
        					http://www.springframework.org/schema/aop/spring-aop.xsd">
        
    <bean class="org.springframework.jdbc.datasource.DriverManagerDataSource" id="dmDataSource">
    	<property name="driverClassName" value="com.mysql.cj.jdbc.Driver" />
    	<property name="url" value="jdbc:mysql://localhost:3306/spring_hibernate_db" />
    	<property name="username" value="root" />
    	<property name="password" value="root" />
    </bean>
    
    <bean class="org.springframework.orm.hibernate5.LocalSessionFactoryBean" id="mySessionFactory">
    	<property name="dataSource" ref="dmDataSource" />
    	
    	<property name="hibernateProperties">
    		<props>
    			<prop key="hibernate.hbm2ddl.auto">update</prop>
    			<prop key="hibernate.show_sql">true</prop>
    			<prop key="hibernate.format_sql">true</prop>
    		</props>
    	</property>
    	
    	<property name="packagesToScan">
    		<list>
    			<value>in.sp.beans</value>
    		</list>
    	</property>
    </bean>
    
    <tx:annotation-driven/>
    <bean class="org.springframework.orm.hibernate5.HibernateTransactionManager" id="transactionManager">
    	<property name="sessionFactory" ref="mySessionFactory" />
    </bean>
    
    <bean class="org.springframework.orm.hibernate5.HibernateTemplate" id="myHibernateTemplate">
    	<property name="sessionFactory" ref="mySessionFactory" />
    </bean>
    
    <bean class="in.sp.dao.StudentDaoImpl" id="stdDaoImplBean">
    	<property name="hibernateTemplate" ref="myHibernateTemplate" />
    </bean>

</beans>