<?xml version="1.0" encoding="UTF-8"?>
<beans xmlns="http://www.springframework.org/schema/beans"
    xmlns:xsi="http://www.w3.org/2001/XMLSchema-instance"
    xsi:schemaLocation="
        http://www.springframework.org/schema/beans http://www.springframework.org/schema/beans/spring-beans.xsd">

	<bean class="in.sp.validators.StudentValidator" id="stdValId">
		<property name="resource" value="/in/sp/resources/error_messages.properties" />
	</bean>

    <bean class="in.sp.beans.Student" id="stdId">
    	<property name="name" value="Deepak" />
    	<property name="rollno" value="111" />
    	<property name="phoneno" value="6283830308" />
    </bean>

</beans>